<?xml version="1.0" encoding="UTF-8"?><rss version="2.0"
	xmlns:content="http://purl.org/rss/1.0/modules/content/"
	xmlns:wfw="http://wellformedweb.org/CommentAPI/"
	xmlns:dc="http://purl.org/dc/elements/1.1/"
	xmlns:atom="http://www.w3.org/2005/Atom"
	xmlns:sy="http://purl.org/rss/1.0/modules/syndication/"
	xmlns:slash="http://purl.org/rss/1.0/modules/slash/"
	 xmlns:media="http://search.yahoo.com/mrss/" >

<channel>
	<title>Stock Broker Reviews &#8211; DematOpen</title>
	<atom:link href="/tag/stock-broker-reviews/feed/" rel="self" type="application/rss+xml" />
	<link></link>
	<description>Trading With Top Stock Brokers in India</description>
	<lastBuildDate>Wed, 03 Jan 2024 12:28:20 +0000</lastBuildDate>
	<language>en-US</language>
	<sy:updatePeriod>
	hourly	</sy:updatePeriod>
	<sy:updateFrequency>
	1	</sy:updateFrequency>
	<generator>https://wordpress.org/?v=6.6.1</generator>

<image>
	<url>/wp-content/uploads/2023/05/cropped-DematOpen-Logo-e1683015043100-32x32.webp</url>
	<title>Stock Broker Reviews &#8211; DematOpen</title>
	<link></link>
	<width>32</width>
	<height>32</height>
</image> 
	<item>
		<title>Zerodha Review 2024 Demat, Brokerage Charges, Pros &#038; Cons, Trading Platforms</title>
		<link>/zerodha-review-2024-demat-account-brokerage-charges/</link>
		
		<dc:creator><![CDATA[Ankit kumar]]></dc:creator>
		<pubDate>Wed, 03 Jan 2024 12:25:07 +0000</pubDate>
				<category><![CDATA[Demat Account]]></category>
		<category><![CDATA[Reviews]]></category>
		<category><![CDATA[Stock Brokers]]></category>
		<category><![CDATA[Stock Broker Reviews]]></category>
		<category><![CDATA[Zerodha]]></category>
		<category><![CDATA[zerodha review]]></category>
		<guid isPermaLink="false">/?p=13094</guid>

					<description><![CDATA[<p>In India Zerodha has 1 Crore+ active customers, making it the largest retail stock broker in India. 🔍💡💡 Founded in ... </p>
<p class="read-more-container"><a title="Zerodha Review 2024 Demat, Brokerage Charges, Pros &#038; Cons, Trading Platforms" class="read-more button" href="/zerodha-review-2024-demat-account-brokerage-charges/#more-13094" aria-label="More on Zerodha Review 2024 Demat, Brokerage Charges, Pros &#038; Cons, Trading Platforms">Read more</a></p>
<p>The post <a rel="nofollow" href="/zerodha-review-2024-demat-account-brokerage-charges/">Zerodha Review 2024 Demat, Brokerage Charges, Pros &#038; Cons, Trading Platforms</a> appeared first on <a rel="nofollow" href="">DematOpen</a>.</p>
]]></description>
		
		
		
		<media:content url="https://www.youtube.com/embed/iYDw_9SinE4" medium="video" width="1280" height="720">
			<media:player url="https://www.youtube.com/embed/iYDw_9SinE4" />
			<media:title type="plain">How to open your Zerodha account online</media:title>
			<media:description type="html"><![CDATA[In this video, we show you how you can open your Zerodha account online in just a few minutes. To open your account, head over to: https://signup.zerodha.com...]]>/</media:description>
			<media:thumbnail url="/wp-content/uploads/2023/03/Stock-Broker-e1668344644777.png" />
			<media:rating scheme="urn:simple">nonadult</media:rating>
		</media:content>
	</item>
		<item>
		<title>Angel One Review 2024 Demat, Brokerage, Trading Platforms, Pros &#038; Cons, Stock Trading</title>
		<link>/angel-one-review-2024-brokerage-charges/</link>
		
		<dc:creator><![CDATA[Ankit kumar]]></dc:creator>
		<pubDate>Wed, 03 Jan 2024 12:23:31 +0000</pubDate>
				<category><![CDATA[Demat Account]]></category>
		<category><![CDATA[Reviews]]></category>
		<category><![CDATA[Stock Brokers]]></category>
		<category><![CDATA[Stock Broker Reviews]]></category>
		<guid isPermaLink="false">/?p=13085</guid>

					<description><![CDATA[<p>Angel Broking (Now Angel One) was founded by Mr. Dinesh Thakkar in 1987. In India It&#8217;s a major online discount ... </p>
<p class="read-more-container"><a title="Angel One Review 2024 Demat, Brokerage, Trading Platforms, Pros &#038; Cons, Stock Trading" class="read-more button" href="/angel-one-review-2024-brokerage-charges/#more-13085" aria-label="More on Angel One Review 2024 Demat, Brokerage, Trading Platforms, Pros &#038; Cons, Stock Trading">Read more</a></p>
<p>The post <a rel="nofollow" href="/angel-one-review-2024-brokerage-charges/">Angel One Review 2024 Demat, Brokerage, Trading Platforms, Pros &#038; Cons, Stock Trading</a> appeared first on <a rel="nofollow" href="">DematOpen</a>.</p>
]]></description>
		
		
		
		<media:content url="https://www.youtube.com/embed/pYhr0n6XHy4" medium="video" width="640" height="360">
			<media:player url="https://www.youtube.com/embed/pYhr0n6XHy4" />
			<media:title type="plain">Angel One Quick Account Opening Ke Saath Bano #VerySmartOne  | Quick Account Opening | Angel One</media:title>
			<media:description type="html"><![CDATA[Zindagi ki raftaar ko karo match, Smart nahi #VerySmartOne bano!Make your smart move now: https://bit.ly/3HBobyKExperience Our App: https://bit.ly/3HSS0ej***...]]></media:description>
			<media:thumbnail url="/wp-content/uploads/2023/03/Dematopen-angelone.png" />
			<media:rating scheme="urn:simple">nonadult</media:rating>
		</media:content>
	</item>
		<item>
		<title>Groww App Review 2024 Demat, Brokerage, Pros &#038; Cons, Trading Platforms</title>
		<link>/groww-review-demat-account-brokerage-pros-cons/</link>
		
		<dc:creator><![CDATA[Ankit kumar]]></dc:creator>
		<pubDate>Sun, 23 Apr 2023 16:49:31 +0000</pubDate>
				<category><![CDATA[Demat Account]]></category>
		<category><![CDATA[Reviews]]></category>
		<category><![CDATA[Stock Brokers]]></category>
		<category><![CDATA[Groww]]></category>
		<category><![CDATA[groww review]]></category>
		<category><![CDATA[Stock Broker Reviews]]></category>
		<guid isPermaLink="false">/?p=13817</guid>

					<description><![CDATA[<p>Looking for a trustworthy and user-friendly Demat account and stock trading platform in India? 🤔 In this review, we evaluate ... </p>
<p class="read-more-container"><a title="Groww App Review 2024 Demat, Brokerage, Pros &#038; Cons, Trading Platforms" class="read-more button" href="/groww-review-demat-account-brokerage-pros-cons/#more-13817" aria-label="More on Groww App Review 2024 Demat, Brokerage, Pros &#038; Cons, Trading Platforms">Read more</a></p>
<p>The post <a rel="nofollow" href="/groww-review-demat-account-brokerage-pros-cons/">Groww App Review 2024 Demat, Brokerage, Pros &#038; Cons, Trading Platforms</a> appeared first on <a rel="nofollow" href="">DematOpen</a>.</p>
]]></description>
		
		
		
		<media:content url="https://www.youtube.com/embed/iasvhMVhoSM" medium="video" width="1280" height="720">
			<media:player url="https://www.youtube.com/embed/iasvhMVhoSM" />
			<media:title type="plain">What is Demat Account | How to choose a broker | Stock Market for beginners</media:title>
			<media:description type="html"><![CDATA[In this video, you will learn what is DEMAT account, how to choose a broker, and the process of opening demat account. #stockmarket #stockmarketforbeginners ...]]></media:description>
			<media:thumbnail url="/wp-content/uploads/2023/04/Groww-Review-2023.webp" />
			<media:rating scheme="urn:simple">nonadult</media:rating>
		</media:content>
	</item>
		<item>
		<title>🚀 How to Get TradingView Premium for Free with Upstox 2023💸</title>
		<link>/how-to-get-tradingview-premium-for-free/</link>
					<comments>/how-to-get-tradingview-premium-for-free/#respond</comments>
		
		<dc:creator><![CDATA[Ankit kumar]]></dc:creator>
		<pubDate>Tue, 21 Mar 2023 03:20:05 +0000</pubDate>
				<category><![CDATA[Demat Account]]></category>
		<category><![CDATA[Upstox]]></category>
		<category><![CDATA[Stock Broker Reviews]]></category>
		<category><![CDATA[TradingView]]></category>
		<guid isPermaLink="false">/?p=13111</guid>

					<description><![CDATA[<p>Are you interested in 🤑 How to Get TradingView Premium for Free 🤑? If Yes, you have come to the ... </p>
<p class="read-more-container"><a title="🚀 How to Get TradingView Premium for Free with Upstox 2023💸" class="read-more button" href="/how-to-get-tradingview-premium-for-free/#more-13111" aria-label="More on 🚀 How to Get TradingView Premium for Free with Upstox 2023💸">Read more</a></p>
<p>The post <a rel="nofollow" href="/how-to-get-tradingview-premium-for-free/">🚀 How to Get TradingView Premium for Free with Upstox 2023💸</a> appeared first on <a rel="nofollow" href="">DematOpen</a>.</p>
]]></description>
		
					<wfw:commentRss>/how-to-get-tradingview-premium-for-free/feed/</wfw:commentRss>
			<slash:comments>0</slash:comments>
		
		
			</item>
		<item>
		<title>🥇Top 5 Reasons to Choose Upstox for Opening Demat and Trading Account in 2023 🤑</title>
		<link>/top-reasons-to-choose-upstox-for-opening-demat-and-trading-account/</link>
					<comments>/top-reasons-to-choose-upstox-for-opening-demat-and-trading-account/#respond</comments>
		
		<dc:creator><![CDATA[Ankit kumar]]></dc:creator>
		<pubDate>Thu, 16 Mar 2023 18:19:06 +0000</pubDate>
				<category><![CDATA[Uncategorized]]></category>
		<category><![CDATA[Stock Broker Reviews]]></category>
		<category><![CDATA[Upstox]]></category>
		<guid isPermaLink="false">/?p=456</guid>

					<description><![CDATA[<p>Upstox is and online discount broker company headquartered in Mumbai. It’s backed by “Ratan N Tata” and “Kalaari Capital”. Currently ... </p>
<p class="read-more-container"><a title="🥇Top 5 Reasons to Choose Upstox for Opening Demat and Trading Account in 2023 🤑" class="read-more button" href="/top-reasons-to-choose-upstox-for-opening-demat-and-trading-account/#more-456" aria-label="More on 🥇Top 5 Reasons to Choose Upstox for Opening Demat and Trading Account in 2023 🤑">Read more</a></p>
<p>The post <a rel="nofollow" href="/top-reasons-to-choose-upstox-for-opening-demat-and-trading-account/">🥇Top 5 Reasons to Choose Upstox for Opening Demat and Trading Account in 2023 🤑</a> appeared first on <a rel="nofollow" href="">DematOpen</a>.</p>
]]></description>
		
					<wfw:commentRss>/top-reasons-to-choose-upstox-for-opening-demat-and-trading-account/feed/</wfw:commentRss>
			<slash:comments>0</slash:comments>
		
		
			</item>
	</channel>
</rss>
