<?xml version="1.0" encoding="UTF-8"?><rss version="2.0"
	xmlns:content="http://purl.org/rss/1.0/modules/content/"
	xmlns:wfw="http://wellformedweb.org/CommentAPI/"
	xmlns:dc="http://purl.org/dc/elements/1.1/"
	xmlns:atom="http://www.w3.org/2005/Atom"
	xmlns:sy="http://purl.org/rss/1.0/modules/syndication/"
	xmlns:slash="http://purl.org/rss/1.0/modules/slash/"
	 xmlns:media="http://search.yahoo.com/mrss/" >

<channel>
	<title>Upstox &#8211; DematOpen</title>
	<atom:link href="/category/upstox/feed/" rel="self" type="application/rss+xml" />
	<link></link>
	<description>Trading With Top Stock Brokers in India</description>
	<lastBuildDate>Mon, 05 Aug 2024 17:21:05 +0000</lastBuildDate>
	<language>en-US</language>
	<sy:updatePeriod>
	hourly	</sy:updatePeriod>
	<sy:updateFrequency>
	1	</sy:updateFrequency>
	<generator>https://wordpress.org/?v=6.6.1</generator>

<image>
	<url>/wp-content/uploads/2023/05/cropped-DematOpen-Logo-e1683015043100-32x32.webp</url>
	<title>Upstox &#8211; DematOpen</title>
	<link></link>
	<width>32</width>
	<height>32</height>
</image> 
	<item>
		<title>Upstox Review 2024 Demat, Brokerage, Trading Platforms, Pros &#038; Cons, Stock Trading</title>
		<link>/upstox-review-2024-demat-account-brokerage-charges/</link>
		
		<dc:creator><![CDATA[Ankit kumar]]></dc:creator>
		<pubDate>Wed, 03 Jan 2024 12:21:34 +0000</pubDate>
				<category><![CDATA[Demat Account]]></category>
		<category><![CDATA[Reviews]]></category>
		<category><![CDATA[Upstox]]></category>
		<guid isPermaLink="false">/?p=13073</guid>

					<description><![CDATA[<p>Upstox, previously RKSV Securities, has strong backing from companies like Ratan Tata and Tiger Global Management, as well as GVK ... </p>
<p class="read-more-container"><a title="Upstox Review 2024 Demat, Brokerage, Trading Platforms, Pros &#038; Cons, Stock Trading" class="read-more button" href="/upstox-review-2024-demat-account-brokerage-charges/#more-13073" aria-label="More on Upstox Review 2024 Demat, Brokerage, Trading Platforms, Pros &#038; Cons, Stock Trading">Read more</a></p>
<p>The post <a rel="nofollow" href="/upstox-review-2024-demat-account-brokerage-charges/">Upstox Review 2024 Demat, Brokerage, Trading Platforms, Pros &#038; Cons, Stock Trading</a> appeared first on <a rel="nofollow" href="">DematOpen</a>.</p>
]]></description>
		
		
		
		<media:content url="https://www.youtube.com/embed/cjxoHpI38Lw" medium="video" width="1280" height="720">
			<media:player url="https://www.youtube.com/embed/cjxoHpI38Lw" />
			<media:title type="plain">Upstox - #InvestRightInvestNow | Invest In India’s growth story with top Index Funds!</media:title>
			<media:description type="html"><![CDATA[Whether you’re supporting Gujarat, Chennai, Mumbai, Rajasthan, Bangalore, Lucknow, Delhi, Punjab, Kolkata or Hyderabad, this IPL season Upstox is supporting ...]]></media:description>
			<media:thumbnail url="/wp-content/uploads/2023/03/Brokerage-Chargs-Demat-Account-Trading-more-e1668011131620.webp" />
			<media:rating scheme="urn:simple">nonadult</media:rating>
		</media:content>
	</item>
		<item>
		<title>क्या है Demat Account ? क्यों, कब , कैसे, खुलवाए Demat Account ?</title>
		<link>/what-is-demat-account-hindi-learn/</link>
		
		<dc:creator><![CDATA[Ankit kumar]]></dc:creator>
		<pubDate>Thu, 13 Apr 2023 07:44:55 +0000</pubDate>
				<category><![CDATA[Demat Account]]></category>
		<category><![CDATA[Upstox]]></category>
		<guid isPermaLink="false">/?p=13529</guid>

					<description><![CDATA[<p>जब भी Stock Market का जिक्र होता है तब एक नाम ऐसा है जो अकसर सुनने में आता है &#8220;Demat ... </p>
<p class="read-more-container"><a title="क्या है Demat Account ? क्यों, कब , कैसे, खुलवाए Demat Account ?" class="read-more button" href="/what-is-demat-account-hindi-learn/#more-13529" aria-label="More on क्या है Demat Account ? क्यों, कब , कैसे, खुलवाए Demat Account ?">Read more</a></p>
<p>The post <a rel="nofollow" href="/what-is-demat-account-hindi-learn/">क्या है Demat Account ? क्यों, कब , कैसे, खुलवाए Demat Account ?</a> appeared first on <a rel="nofollow" href="">DematOpen</a>.</p>
]]></description>
		
		
		
			</item>
		<item>
		<title>🚀 How to Get TradingView Premium for Free with Upstox 2023💸</title>
		<link>/how-to-get-tradingview-premium-for-free/</link>
					<comments>/how-to-get-tradingview-premium-for-free/#respond</comments>
		
		<dc:creator><![CDATA[Ankit kumar]]></dc:creator>
		<pubDate>Tue, 21 Mar 2023 03:20:05 +0000</pubDate>
				<category><![CDATA[Demat Account]]></category>
		<category><![CDATA[Upstox]]></category>
		<category><![CDATA[Stock Broker Reviews]]></category>
		<category><![CDATA[TradingView]]></category>
		<guid isPermaLink="false">/?p=13111</guid>

					<description><![CDATA[<p>Are you interested in 🤑 How to Get TradingView Premium for Free 🤑? If Yes, you have come to the ... </p>
<p class="read-more-container"><a title="🚀 How to Get TradingView Premium for Free with Upstox 2023💸" class="read-more button" href="/how-to-get-tradingview-premium-for-free/#more-13111" aria-label="More on 🚀 How to Get TradingView Premium for Free with Upstox 2023💸">Read more</a></p>
<p>The post <a rel="nofollow" href="/how-to-get-tradingview-premium-for-free/">🚀 How to Get TradingView Premium for Free with Upstox 2023💸</a> appeared first on <a rel="nofollow" href="">DematOpen</a>.</p>
]]></description>
		
					<wfw:commentRss>/how-to-get-tradingview-premium-for-free/feed/</wfw:commentRss>
			<slash:comments>0</slash:comments>
		
		
			</item>
	</channel>
</rss>
