<?xml version="1.0" encoding="UTF-8"?><rss version="2.0"
	xmlns:content="http://purl.org/rss/1.0/modules/content/"
	xmlns:wfw="http://wellformedweb.org/CommentAPI/"
	xmlns:dc="http://purl.org/dc/elements/1.1/"
	xmlns:atom="http://www.w3.org/2005/Atom"
	xmlns:sy="http://purl.org/rss/1.0/modules/syndication/"
	xmlns:slash="http://purl.org/rss/1.0/modules/slash/"
	 xmlns:media="http://search.yahoo.com/mrss/" >

<channel>
	<title>Upstox Signup &#8211; DematOpen</title>
	<atom:link href="/tag/upstox-signup/feed/" rel="self" type="application/rss+xml" />
	<link></link>
	<description>Trading With Top Stock Brokers in India</description>
	<lastBuildDate>Sat, 22 Apr 2023 18:42:06 +0000</lastBuildDate>
	<language>en-US</language>
	<sy:updatePeriod>
	hourly	</sy:updatePeriod>
	<sy:updateFrequency>
	1	</sy:updateFrequency>
	<generator>https://wordpress.org/?v=6.6.1</generator>

<image>
	<url>/wp-content/uploads/2023/05/cropped-DematOpen-Logo-e1683015043100-32x32.webp</url>
	<title>Upstox Signup &#8211; DematOpen</title>
	<link></link>
	<width>32</width>
	<height>32</height>
</image> 
	<item>
		<title>Upstox Account Opening Process Explained Step by Step.</title>
		<link>/upstox-account-opening-process-explained-step-by-step/</link>
					<comments>/upstox-account-opening-process-explained-step-by-step/#respond</comments>
		
		<dc:creator><![CDATA[Ankit kumar]]></dc:creator>
		<pubDate>Thu, 16 Mar 2023 17:50:06 +0000</pubDate>
				<category><![CDATA[Uncategorized]]></category>
		<category><![CDATA[Upstox]]></category>
		<category><![CDATA[Upstox account opening]]></category>
		<category><![CDATA[Upstox Signup]]></category>
		<guid isPermaLink="false">/?p=726</guid>

					<description><![CDATA[<p>Upstox account Opening (Demat and Trading account) is a completely paperless online process. Upstox initially known as RKSV securities started ... </p>
<p class="read-more-container"><a title="Upstox Account Opening Process Explained Step by Step." class="read-more button" href="/upstox-account-opening-process-explained-step-by-step/#more-726" aria-label="More on Upstox Account Opening Process Explained Step by Step.">Read more</a></p>
<p>The post <a rel="nofollow" href="/upstox-account-opening-process-explained-step-by-step/">Upstox Account Opening Process Explained Step by Step.</a> appeared first on <a rel="nofollow" href="">DematOpen</a>.</p>
]]></description>
		
					<wfw:commentRss>/upstox-account-opening-process-explained-step-by-step/feed/</wfw:commentRss>
			<slash:comments>0</slash:comments>
		
		
			</item>
	</channel>
</rss>
