<?xml version="1.0" encoding="UTF-8"?><rss version="2.0"
	xmlns:content="http://purl.org/rss/1.0/modules/content/"
	xmlns:wfw="http://wellformedweb.org/CommentAPI/"
	xmlns:dc="http://purl.org/dc/elements/1.1/"
	xmlns:atom="http://www.w3.org/2005/Atom"
	xmlns:sy="http://purl.org/rss/1.0/modules/syndication/"
	xmlns:slash="http://purl.org/rss/1.0/modules/slash/"
	 xmlns:media="http://search.yahoo.com/mrss/" >

<channel>
	<title>Paytm Money &#8211; DematOpen</title>
	<atom:link href="/tag/paytm-money/feed/" rel="self" type="application/rss+xml" />
	<link></link>
	<description>Trading With Top Stock Brokers in India</description>
	<lastBuildDate>Wed, 03 Jan 2024 12:28:13 +0000</lastBuildDate>
	<language>en-US</language>
	<sy:updatePeriod>
	hourly	</sy:updatePeriod>
	<sy:updateFrequency>
	1	</sy:updateFrequency>
	<generator>https://wordpress.org/?v=6.6.1</generator>

<image>
	<url>/wp-content/uploads/2023/05/cropped-DematOpen-Logo-e1683015043100-32x32.webp</url>
	<title>Paytm Money &#8211; DematOpen</title>
	<link></link>
	<width>32</width>
	<height>32</height>
</image> 
	<item>
		<title>Paytm Money App Review 2024 Demat, Brokerage, Trading Platforms, Pros &#038; Cons, Stock Trading</title>
		<link>/paytm-money-review-demat-brokerage-trading-pros-cons/</link>
		
		<dc:creator><![CDATA[Ankit kumar]]></dc:creator>
		<pubDate>Tue, 25 Apr 2023 11:50:36 +0000</pubDate>
				<category><![CDATA[Demat Account]]></category>
		<category><![CDATA[Reviews]]></category>
		<category><![CDATA[Stock Brokers]]></category>
		<category><![CDATA[Paytm Money]]></category>
		<guid isPermaLink="false">/?p=13929</guid>

					<description><![CDATA[<p>Paytm Money is an 🌐 online stock and mutual fund broker owned by One 97 Communications Ltd. 💼 It was ... </p>
<p class="read-more-container"><a title="Paytm Money App Review 2024 Demat, Brokerage, Trading Platforms, Pros &#038; Cons, Stock Trading" class="read-more button" href="/paytm-money-review-demat-brokerage-trading-pros-cons/#more-13929" aria-label="More on Paytm Money App Review 2024 Demat, Brokerage, Trading Platforms, Pros &#038; Cons, Stock Trading">Read more</a></p>
<p>The post <a rel="nofollow" href="/paytm-money-review-demat-brokerage-trading-pros-cons/">Paytm Money App Review 2024 Demat, Brokerage, Trading Platforms, Pros &#038; Cons, Stock Trading</a> appeared first on <a rel="nofollow" href="">DematOpen</a>.</p>
]]></description>
		
		
		
		<media:content url="https://www.youtube.com/embed/6TuVIMUECug" medium="video" width="1280" height="720">
			<media:player url="https://www.youtube.com/embed/6TuVIMUECug" />
			<media:title type="plain">Swift. Seamless. Simplified - Paytm Money 2.0</media:title>
			<media:description type="html"><![CDATA[Experience an all new interface that will make your investment journey seamless on the Paytm Money app. Armed with stylish new looks, easily manoeuvrable but...]]></media:description>
			<media:thumbnail url="/wp-content/uploads/2023/04/Paytm-Money-Review-1.webp" />
			<media:rating scheme="urn:simple">nonadult</media:rating>
		</media:content>
	</item>
	</channel>
</rss>
