<?xml version="1.0" encoding="UTF-8"?><rss version="2.0"
	xmlns:content="http://purl.org/rss/1.0/modules/content/"
	xmlns:wfw="http://wellformedweb.org/CommentAPI/"
	xmlns:dc="http://purl.org/dc/elements/1.1/"
	xmlns:atom="http://www.w3.org/2005/Atom"
	xmlns:sy="http://purl.org/rss/1.0/modules/syndication/"
	xmlns:slash="http://purl.org/rss/1.0/modules/slash/"
	 xmlns:media="http://search.yahoo.com/mrss/" >

<channel>
	<title>Fyers &#8211; DematOpen</title>
	<atom:link href="/tag/fyers/feed/" rel="self" type="application/rss+xml" />
	<link></link>
	<description>Trading With Top Stock Brokers in India</description>
	<lastBuildDate>Wed, 03 Jan 2024 12:31:09 +0000</lastBuildDate>
	<language>en-US</language>
	<sy:updatePeriod>
	hourly	</sy:updatePeriod>
	<sy:updateFrequency>
	1	</sy:updateFrequency>
	<generator>https://wordpress.org/?v=6.6.1</generator>

<image>
	<url>/wp-content/uploads/2023/05/cropped-DematOpen-Logo-e1683015043100-32x32.webp</url>
	<title>Fyers &#8211; DematOpen</title>
	<link></link>
	<width>32</width>
	<height>32</height>
</image> 
	<item>
		<title>Fyers Review 2024 Demat, Brokerage Charges, Trading Platforms, Pros &#038; Cons</title>
		<link>/fyers-review-analysis-of-demat-account-brokerage/</link>
		
		<dc:creator><![CDATA[Ankit kumar]]></dc:creator>
		<pubDate>Wed, 03 Jan 2024 12:28:39 +0000</pubDate>
				<category><![CDATA[Demat Account]]></category>
		<category><![CDATA[Reviews]]></category>
		<category><![CDATA[Stock Brokers]]></category>
		<category><![CDATA[Fyers]]></category>
		<guid isPermaLink="false">/?p=13713</guid>

					<description><![CDATA[<p>Hey There! Are you looking for a Reliable stockbroker to invest in the Indian stock market? 🤔 Fyers might be ... </p>
<p class="read-more-container"><a title="Fyers Review 2024 Demat, Brokerage Charges, Trading Platforms, Pros &#038; Cons" class="read-more button" href="/fyers-review-analysis-of-demat-account-brokerage/#more-13713" aria-label="More on Fyers Review 2024 Demat, Brokerage Charges, Trading Platforms, Pros &#038; Cons">Read more</a></p>
<p>The post <a rel="nofollow" href="/fyers-review-analysis-of-demat-account-brokerage/">Fyers Review 2024 Demat, Brokerage Charges, Trading Platforms, Pros &#038; Cons</a> appeared first on <a rel="nofollow" href="">DematOpen</a>.</p>
]]></description>
		
		
		
		<media:content url="https://www.youtube.com/embed/2dBdVHqr5qc" medium="video" width="1280" height="720">
			<media:player url="https://www.youtube.com/embed/2dBdVHqr5qc" />
			<media:title type="plain">Steps to Open your Account with FYERS 🔔</media:title>
			<media:description type="html"><![CDATA[FYERS is a leading and fast-growing technology-focused stockbroking firm and investment platform. With a strong community of traders, investors, quantitative...]]></media:description>
			<media:thumbnail url="/wp-content/uploads/2023/04/Fyers-review.webp" />
			<media:rating scheme="urn:simple">nonadult</media:rating>
		</media:content>
	</item>
	</channel>
</rss>
