<?xml version="1.0" encoding="UTF-8"?><rss version="2.0"
	xmlns:content="http://purl.org/rss/1.0/modules/content/"
	xmlns:wfw="http://wellformedweb.org/CommentAPI/"
	xmlns:dc="http://purl.org/dc/elements/1.1/"
	xmlns:atom="http://www.w3.org/2005/Atom"
	xmlns:sy="http://purl.org/rss/1.0/modules/syndication/"
	xmlns:slash="http://purl.org/rss/1.0/modules/slash/"
	 xmlns:media="http://search.yahoo.com/mrss/" >

<channel>
	<title>TradingView &#8211; DematOpen</title>
	<atom:link href="/tag/tradingview/feed/" rel="self" type="application/rss+xml" />
	<link></link>
	<description>Trading With Top Stock Brokers in India</description>
	<lastBuildDate>Sat, 22 Apr 2023 07:20:50 +0000</lastBuildDate>
	<language>en-US</language>
	<sy:updatePeriod>
	hourly	</sy:updatePeriod>
	<sy:updateFrequency>
	1	</sy:updateFrequency>
	<generator>https://wordpress.org/?v=6.6.1</generator>

<image>
	<url>/wp-content/uploads/2023/05/cropped-DematOpen-Logo-e1683015043100-32x32.webp</url>
	<title>TradingView &#8211; DematOpen</title>
	<link></link>
	<width>32</width>
	<height>32</height>
</image> 
	<item>
		<title>🚀 How to Get TradingView Premium for Free with Upstox 2023💸</title>
		<link>/how-to-get-tradingview-premium-for-free/</link>
					<comments>/how-to-get-tradingview-premium-for-free/#respond</comments>
		
		<dc:creator><![CDATA[Ankit kumar]]></dc:creator>
		<pubDate>Tue, 21 Mar 2023 03:20:05 +0000</pubDate>
				<category><![CDATA[Demat Account]]></category>
		<category><![CDATA[Upstox]]></category>
		<category><![CDATA[Stock Broker Reviews]]></category>
		<category><![CDATA[TradingView]]></category>
		<guid isPermaLink="false">/?p=13111</guid>

					<description><![CDATA[<p>Are you interested in 🤑 How to Get TradingView Premium for Free 🤑? If Yes, you have come to the ... </p>
<p class="read-more-container"><a title="🚀 How to Get TradingView Premium for Free with Upstox 2023💸" class="read-more button" href="/how-to-get-tradingview-premium-for-free/#more-13111" aria-label="More on 🚀 How to Get TradingView Premium for Free with Upstox 2023💸">Read more</a></p>
<p>The post <a rel="nofollow" href="/how-to-get-tradingview-premium-for-free/">🚀 How to Get TradingView Premium for Free with Upstox 2023💸</a> appeared first on <a rel="nofollow" href="">DematOpen</a>.</p>
]]></description>
		
					<wfw:commentRss>/how-to-get-tradingview-premium-for-free/feed/</wfw:commentRss>
			<slash:comments>0</slash:comments>
		
		
			</item>
	</channel>
</rss>
