<?xml version="1.0" encoding="UTF-8"?><rss version="2.0"
	xmlns:content="http://purl.org/rss/1.0/modules/content/"
	xmlns:dc="http://purl.org/dc/elements/1.1/"
	xmlns:atom="http://www.w3.org/2005/Atom"
	xmlns:sy="http://purl.org/rss/1.0/modules/syndication/"
	 xmlns:media="http://search.yahoo.com/mrss/" 
	>
<channel>
	<title>
	Comments on: 📈 Add Nominee to Your Demat Account Before March 31, 2023 to Avoid Account Freeze 🚨💸	</title>
	<atom:link href="/add-nominee-to-your-demat-account-before-march-31-2023/feed/" rel="self" type="application/rss+xml" />
	<link>/add-nominee-to-your-demat-account-before-march-31-2023/</link>
	<description>Trading With Top Stock Brokers in India</description>
	<lastBuildDate>Sat, 22 Apr 2023 10:22:02 +0000</lastBuildDate>
	<sy:updatePeriod>
	hourly	</sy:updatePeriod>
	<sy:updateFrequency>
	1	</sy:updateFrequency>
	<generator>https://wordpress.org/?v=6.6.1</generator>
</channel>
</rss>
