<?xml version="1.0" encoding="UTF-8"?><rss version="2.0"
	xmlns:content="http://purl.org/rss/1.0/modules/content/"
	xmlns:wfw="http://wellformedweb.org/CommentAPI/"
	xmlns:dc="http://purl.org/dc/elements/1.1/"
	xmlns:atom="http://www.w3.org/2005/Atom"
	xmlns:sy="http://purl.org/rss/1.0/modules/syndication/"
	xmlns:slash="http://purl.org/rss/1.0/modules/slash/"
	 xmlns:media="http://search.yahoo.com/mrss/" >

<channel>
	<title>Groww &#8211; DematOpen</title>
	<atom:link href="/tag/groww/feed/" rel="self" type="application/rss+xml" />
	<link></link>
	<description>Trading With Top Stock Brokers in India</description>
	<lastBuildDate>Wed, 03 Jan 2024 12:28:13 +0000</lastBuildDate>
	<language>en-US</language>
	<sy:updatePeriod>
	hourly	</sy:updatePeriod>
	<sy:updateFrequency>
	1	</sy:updateFrequency>
	<generator>https://wordpress.org/?v=6.6.1</generator>

<image>
	<url>/wp-content/uploads/2023/05/cropped-DematOpen-Logo-e1683015043100-32x32.webp</url>
	<title>Groww &#8211; DematOpen</title>
	<link></link>
	<width>32</width>
	<height>32</height>
</image> 
	<item>
		<title>What is BO id in Groww ?</title>
		<link>/what-is-bo-id-in-groww/</link>
		
		<dc:creator><![CDATA[Ankit kumar]]></dc:creator>
		<pubDate>Sun, 23 Apr 2023 21:18:31 +0000</pubDate>
				<category><![CDATA[Stock Brokers]]></category>
		<category><![CDATA[BO id]]></category>
		<category><![CDATA[Groww]]></category>
		<guid isPermaLink="false">/?p=13875</guid>

					<description><![CDATA[<p>If you&#8217;re new to investing, you may have come across the term &#8220;BO ID&#8221; while using the Groww App. 🌱BO ... </p>
<p class="read-more-container"><a title="What is BO id in Groww ?" class="read-more button" href="/what-is-bo-id-in-groww/#more-13875" aria-label="More on What is BO id in Groww ?">Read more</a></p>
<p>The post <a rel="nofollow" href="/what-is-bo-id-in-groww/">What is BO id in Groww ?</a> appeared first on <a rel="nofollow" href="">DematOpen</a>.</p>
]]></description>
		
		
		
			</item>
		<item>
		<title>Groww App Review 2024 Demat, Brokerage, Pros &#038; Cons, Trading Platforms</title>
		<link>/groww-review-demat-account-brokerage-pros-cons/</link>
		
		<dc:creator><![CDATA[Ankit kumar]]></dc:creator>
		<pubDate>Sun, 23 Apr 2023 16:49:31 +0000</pubDate>
				<category><![CDATA[Demat Account]]></category>
		<category><![CDATA[Reviews]]></category>
		<category><![CDATA[Stock Brokers]]></category>
		<category><![CDATA[Groww]]></category>
		<category><![CDATA[groww review]]></category>
		<category><![CDATA[Stock Broker Reviews]]></category>
		<guid isPermaLink="false">/?p=13817</guid>

					<description><![CDATA[<p>Looking for a trustworthy and user-friendly Demat account and stock trading platform in India? 🤔 In this review, we evaluate ... </p>
<p class="read-more-container"><a title="Groww App Review 2024 Demat, Brokerage, Pros &#038; Cons, Trading Platforms" class="read-more button" href="/groww-review-demat-account-brokerage-pros-cons/#more-13817" aria-label="More on Groww App Review 2024 Demat, Brokerage, Pros &#038; Cons, Trading Platforms">Read more</a></p>
<p>The post <a rel="nofollow" href="/groww-review-demat-account-brokerage-pros-cons/">Groww App Review 2024 Demat, Brokerage, Pros &#038; Cons, Trading Platforms</a> appeared first on <a rel="nofollow" href="">DematOpen</a>.</p>
]]></description>
		
		
		
		<media:content url="https://www.youtube.com/embed/iasvhMVhoSM" medium="video" width="1280" height="720">
			<media:player url="https://www.youtube.com/embed/iasvhMVhoSM" />
			<media:title type="plain">What is Demat Account | How to choose a broker | Stock Market for beginners</media:title>
			<media:description type="html"><![CDATA[In this video, you will learn what is DEMAT account, how to choose a broker, and the process of opening demat account. #stockmarket #stockmarketforbeginners ...]]></media:description>
			<media:thumbnail url="/wp-content/uploads/2023/04/Groww-Review-2023.webp" />
			<media:rating scheme="urn:simple">nonadult</media:rating>
		</media:content>
	</item>
	</channel>
</rss>
