<?xml version="1.0" encoding="UTF-8"?><rss version="2.0"
	xmlns:content="http://purl.org/rss/1.0/modules/content/"
	xmlns:wfw="http://wellformedweb.org/CommentAPI/"
	xmlns:dc="http://purl.org/dc/elements/1.1/"
	xmlns:atom="http://www.w3.org/2005/Atom"
	xmlns:sy="http://purl.org/rss/1.0/modules/syndication/"
	xmlns:slash="http://purl.org/rss/1.0/modules/slash/"
	 xmlns:media="http://search.yahoo.com/mrss/" >

<channel>
	<title>Gtt Order &#8211; DematOpen</title>
	<atom:link href="/tag/gtt-order/feed/" rel="self" type="application/rss+xml" />
	<link></link>
	<description>Trading With Top Stock Brokers in India</description>
	<lastBuildDate>Mon, 24 Apr 2023 17:49:39 +0000</lastBuildDate>
	<language>en-US</language>
	<sy:updatePeriod>
	hourly	</sy:updatePeriod>
	<sy:updateFrequency>
	1	</sy:updateFrequency>
	<generator>https://wordpress.org/?v=6.6.1</generator>

<image>
	<url>/wp-content/uploads/2023/05/cropped-DematOpen-Logo-e1683015043100-32x32.webp</url>
	<title>Gtt Order &#8211; DematOpen</title>
	<link></link>
	<width>32</width>
	<height>32</height>
</image> 
	<item>
		<title>Everything You Need to Know About GTT Order in Upstox</title>
		<link>/what-is-gtt-order-in-upstox-how-to-place-gtt-order/</link>
		
		<dc:creator><![CDATA[Ankit kumar]]></dc:creator>
		<pubDate>Sun, 23 Apr 2023 20:03:53 +0000</pubDate>
				<category><![CDATA[Stock Brokers]]></category>
		<category><![CDATA[Gtt Order]]></category>
		<category><![CDATA[Upstox]]></category>
		<guid isPermaLink="false">/?p=13852</guid>

					<description><![CDATA[<p>If you&#8217;re new to Upstox, you might have heard about GTT orders 📈 and wondering what they are and how ... </p>
<p class="read-more-container"><a title="Everything You Need to Know About GTT Order in Upstox" class="read-more button" href="/what-is-gtt-order-in-upstox-how-to-place-gtt-order/#more-13852" aria-label="More on Everything You Need to Know About GTT Order in Upstox">Read more</a></p>
<p>The post <a rel="nofollow" href="/what-is-gtt-order-in-upstox-how-to-place-gtt-order/">Everything You Need to Know About GTT Order in Upstox</a> appeared first on <a rel="nofollow" href="">DematOpen</a>.</p>
]]></description>
		
		
		
			</item>
	</channel>
</rss>
