<?xml version="1.0" encoding="UTF-8"?><rss version="2.0"
	xmlns:content="http://purl.org/rss/1.0/modules/content/"
	xmlns:dc="http://purl.org/dc/elements/1.1/"
	xmlns:atom="http://www.w3.org/2005/Atom"
	xmlns:sy="http://purl.org/rss/1.0/modules/syndication/"
	 xmlns:media="http://search.yahoo.com/mrss/" 
	>
<channel>
	<title>
	Comments on: Demat Account क्या है और क्यों आवश्यक है? डीमैट खाते के खुलने से जुड़े फायदे ! डीमैट खाते कैसे खोलें 2023 Step-by-Step Guide	</title>
	<atom:link href="/demat-account-meaning-hindi-latest/feed/" rel="self" type="application/rss+xml" />
	<link>/demat-account-meaning-hindi-latest/</link>
	<description>Trading With Top Stock Brokers in India</description>
	<lastBuildDate>Sat, 22 Apr 2023 07:36:18 +0000</lastBuildDate>
	<sy:updatePeriod>
	hourly	</sy:updatePeriod>
	<sy:updateFrequency>
	1	</sy:updateFrequency>
	<generator>https://wordpress.org/?v=6.6.1</generator>
</channel>
</rss>
