<?xml version="1.0" encoding="UTF-8"?><rss version="2.0"
	xmlns:content="http://purl.org/rss/1.0/modules/content/"
	xmlns:wfw="http://wellformedweb.org/CommentAPI/"
	xmlns:dc="http://purl.org/dc/elements/1.1/"
	xmlns:atom="http://www.w3.org/2005/Atom"
	xmlns:sy="http://purl.org/rss/1.0/modules/syndication/"
	xmlns:slash="http://purl.org/rss/1.0/modules/slash/"
	 xmlns:media="http://search.yahoo.com/mrss/" >

<channel>
	<title>Uncategorized &#8211; DematOpen</title>
	<atom:link href="/category/uncategorized/feed/" rel="self" type="application/rss+xml" />
	<link></link>
	<description>Trading With Top Stock Brokers in India</description>
	<lastBuildDate>Wed, 03 Jul 2024 19:13:00 +0000</lastBuildDate>
	<language>en-US</language>
	<sy:updatePeriod>
	hourly	</sy:updatePeriod>
	<sy:updateFrequency>
	1	</sy:updateFrequency>
	<generator>https://wordpress.org/?v=6.6.1</generator>

<image>
	<url>/wp-content/uploads/2023/05/cropped-DematOpen-Logo-e1683015043100-32x32.webp</url>
	<title>Uncategorized &#8211; DematOpen</title>
	<link></link>
	<width>32</width>
	<height>32</height>
</image> 
	<item>
		<title>Angel App Download</title>
		<link>/demat-app-lp2/</link>
		
		<dc:creator><![CDATA[Ankit kumar]]></dc:creator>
		<pubDate>Fri, 02 Feb 2024 13:34:28 +0000</pubDate>
				<category><![CDATA[Uncategorized]]></category>
		<guid isPermaLink="false">/?p=14679</guid>

					<description><![CDATA[<p>Join 1.75 Cr+ Thriving Investors Trusting Angel One! Open a free Demat account with Angel One today and Enjoy Zero ... </p>
<p class="read-more-container"><a title="Angel App Download" class="read-more button" href="/demat-app-lp2/#more-14679" aria-label="More on Angel App Download">Read more</a></p>
<p>The post <a rel="nofollow" href="/demat-app-lp2/">Angel App Download</a> appeared first on <a rel="nofollow" href="">DematOpen</a>.</p>
]]></description>
		
		
		
		<media:content url="/wp-content/uploads/2024/02/Discover-a-new-era-of-investing-with-the-Angel-One-Super-App-SuperIsHere.mp4" medium="video" width="1280" height="720">
			<media:player url="/wp-content/uploads/2024/02/Discover-a-new-era-of-investing-with-the-Angel-One-Super-App-SuperIsHere.mp4" />
			<media:title type="plain">Uncategorized Archives | DematOpen</media:title>
			<media:rating scheme="urn:simple">nonadult</media:rating>
		</media:content>
	</item>
		<item>
		<title>Open Demat Account</title>
		<link>/landing-page-05/</link>
		
		<dc:creator><![CDATA[Ankit kumar]]></dc:creator>
		<pubDate>Mon, 12 Jun 2023 19:44:56 +0000</pubDate>
				<category><![CDATA[Uncategorized]]></category>
		<guid isPermaLink="false">/?p=14463</guid>

					<description><![CDATA[<p>India&#8217;s best Stock Broker To Start Investment Journey Open Free Demat Account Simplifying Investments For You &#160;1 Crore + Happy ... </p>
<p class="read-more-container"><a title="Open Demat Account" class="read-more button" href="/landing-page-05/#more-14463" aria-label="More on Open Demat Account">Read more</a></p>
<p>The post <a rel="nofollow" href="/landing-page-05/">Open Demat Account</a> appeared first on <a rel="nofollow" href="">DematOpen</a>.</p>
]]></description>
		
		
		
		<media:content url="/wp-content/uploads/2024/07/Playstore-Video-v15-1.mp4" medium="video" width="1280" height="720">
			<media:player url="/wp-content/uploads/2024/07/Playstore-Video-v15-1.mp4" />
			<media:title type="plain">Uncategorized Archives | DematOpen</media:title>
			<media:rating scheme="urn:simple">nonadult</media:rating>
		</media:content>
	</item>
		<item>
		<title>💰📈 Try Upstox x TradingView and Get TradingView Pro Features Worth ₹12,000 for Free 🔥💸</title>
		<link>/get-tradingview-pro-features/</link>
					<comments>/get-tradingview-pro-features/#respond</comments>
		
		<dc:creator><![CDATA[Ankit kumar]]></dc:creator>
		<pubDate>Sun, 19 Mar 2023 19:05:39 +0000</pubDate>
				<category><![CDATA[Uncategorized]]></category>
		<guid isPermaLink="false">/?p=13018</guid>

					<description><![CDATA[<p>Upgrade Your Trading with Upstox x TradingView &#8211; Get TradingView Pro features worth ₹12,000 for FREE! The ultimate trading platform ... </p>
<p class="read-more-container"><a title="💰📈 Try Upstox x TradingView and Get TradingView Pro Features Worth ₹12,000 for Free 🔥💸" class="read-more button" href="/get-tradingview-pro-features/#more-13018" aria-label="More on 💰📈 Try Upstox x TradingView and Get TradingView Pro Features Worth ₹12,000 for Free 🔥💸">Read more</a></p>
<p>The post <a rel="nofollow" href="/get-tradingview-pro-features/">💰📈 Try Upstox x TradingView and Get TradingView Pro Features Worth ₹12,000 for Free 🔥💸</a> appeared first on <a rel="nofollow" href="">DematOpen</a>.</p>
]]></description>
		
					<wfw:commentRss>/get-tradingview-pro-features/feed/</wfw:commentRss>
			<slash:comments>0</slash:comments>
		
		
			</item>
		<item>
		<title>Demat Account क्या है और क्यों आवश्यक है? डीमैट खाते के खुलने से जुड़े फायदे ! डीमैट खाते कैसे खोलें 2023 Step-by-Step Guide</title>
		<link>/demat-account-meaning-hindi-latest/</link>
		
		<dc:creator><![CDATA[Ankit kumar]]></dc:creator>
		<pubDate>Sat, 18 Mar 2023 18:33:36 +0000</pubDate>
				<category><![CDATA[Uncategorized]]></category>
		<guid isPermaLink="false">/?p=12717</guid>

					<description><![CDATA[<p>🤔 क्या आपके मन में कभी ये सवाल आया है की Demat Account क्या है? और यह कैसे काम करता ... </p>
<p class="read-more-container"><a title="Demat Account क्या है और क्यों आवश्यक है? डीमैट खाते के खुलने से जुड़े फायदे ! डीमैट खाते कैसे खोलें 2023 Step-by-Step Guide" class="read-more button" href="/demat-account-meaning-hindi-latest/#more-12717" aria-label="More on Demat Account क्या है और क्यों आवश्यक है? डीमैट खाते के खुलने से जुड़े फायदे ! डीमैट खाते कैसे खोलें 2023 Step-by-Step Guide">Read more</a></p>
<p>The post <a rel="nofollow" href="/demat-account-meaning-hindi-latest/">Demat Account क्या है और क्यों आवश्यक है? डीमैट खाते के खुलने से जुड़े फायदे ! डीमैट खाते कैसे खोलें 2023 Step-by-Step Guide</a> appeared first on <a rel="nofollow" href="">DematOpen</a>.</p>
]]></description>
		
		
		
			</item>
		<item>
		<title>Angel One Demat Account opening 2023</title>
		<link>/angel-one-demat-account-opening-2023/</link>
					<comments>/angel-one-demat-account-opening-2023/#respond</comments>
		
		<dc:creator><![CDATA[Ankit kumar]]></dc:creator>
		<pubDate>Sat, 18 Mar 2023 13:59:32 +0000</pubDate>
				<category><![CDATA[Uncategorized]]></category>
		<guid isPermaLink="false">/?p=12708</guid>

					<description><![CDATA[<p>India&#8217;s best Stock Broker To Start Investment Journey Open Free Demat Account Simplifying Investments For You 25 years of trust ... </p>
<p class="read-more-container"><a title="Angel One Demat Account opening 2023" class="read-more button" href="/angel-one-demat-account-opening-2023/#more-12708" aria-label="More on Angel One Demat Account opening 2023">Read more</a></p>
<p>The post <a rel="nofollow" href="/angel-one-demat-account-opening-2023/">Angel One Demat Account opening 2023</a> appeared first on <a rel="nofollow" href="">DematOpen</a>.</p>
]]></description>
		
					<wfw:commentRss>/angel-one-demat-account-opening-2023/feed/</wfw:commentRss>
			<slash:comments>0</slash:comments>
		
		
			</item>
		<item>
		<title>Demat Account Open</title>
		<link>/demat-refer-program/</link>
					<comments>/demat-refer-program/#respond</comments>
		
		<dc:creator><![CDATA[Ankit kumar]]></dc:creator>
		<pubDate>Thu, 16 Mar 2023 18:33:24 +0000</pubDate>
				<category><![CDATA[Uncategorized]]></category>
		<guid isPermaLink="false">/?p=6286</guid>

					<description><![CDATA[<p>Special Link to Start Your Earning With Upstox Refer a friend to open a FREE Upstox Demat and Trading account ... </p>
<p class="read-more-container"><a title="Demat Account Open" class="read-more button" href="/demat-refer-program/#more-6286" aria-label="More on Demat Account Open">Read more</a></p>
<p>The post <a rel="nofollow" href="/demat-refer-program/">Demat Account Open</a> appeared first on <a rel="nofollow" href="">DematOpen</a>.</p>
]]></description>
		
					<wfw:commentRss>/demat-refer-program/feed/</wfw:commentRss>
			<slash:comments>0</slash:comments>
		
		
			</item>
		<item>
		<title>Demat Account Procedure</title>
		<link>/demat-account-procedure/</link>
					<comments>/demat-account-procedure/#respond</comments>
		
		<dc:creator><![CDATA[Ankit kumar]]></dc:creator>
		<pubDate>Thu, 16 Mar 2023 18:25:25 +0000</pubDate>
				<category><![CDATA[Uncategorized]]></category>
		<guid isPermaLink="false">/?p=9374</guid>

					<description><![CDATA[<p>Open Free Demat Account India&#8217;s Fastest Growing Stock Broker One Account. Many Options Free Demat &#038; Trading Account Upstox Backed ... </p>
<p class="read-more-container"><a title="Demat Account Procedure" class="read-more button" href="/demat-account-procedure/#more-9374" aria-label="More on Demat Account Procedure">Read more</a></p>
<p>The post <a rel="nofollow" href="/demat-account-procedure/">Demat Account Procedure</a> appeared first on <a rel="nofollow" href="">DematOpen</a>.</p>
]]></description>
		
					<wfw:commentRss>/demat-account-procedure/feed/</wfw:commentRss>
			<slash:comments>0</slash:comments>
		
		
			</item>
		<item>
		<title>How to open Demat Account ?</title>
		<link>/demat-account-data/</link>
					<comments>/demat-account-data/#respond</comments>
		
		<dc:creator><![CDATA[Ankit kumar]]></dc:creator>
		<pubDate>Thu, 16 Mar 2023 18:22:23 +0000</pubDate>
				<category><![CDATA[Uncategorized]]></category>
		<guid isPermaLink="false">/?p=10458</guid>

					<description><![CDATA[<p>A Demat account helps investors to hold shares and securities in an electronic format. This is also known as dematerialised ... </p>
<p class="read-more-container"><a title="How to open Demat Account ?" class="read-more button" href="/demat-account-data/#more-10458" aria-label="More on How to open Demat Account ?">Read more</a></p>
<p>The post <a rel="nofollow" href="/demat-account-data/">How to open Demat Account ?</a> appeared first on <a rel="nofollow" href="">DematOpen</a>.</p>
]]></description>
		
					<wfw:commentRss>/demat-account-data/feed/</wfw:commentRss>
			<slash:comments>0</slash:comments>
		
		
			</item>
	</channel>
</rss>
