<?xml version="1.0" encoding="UTF-8"?><rss version="2.0"
	xmlns:content="http://purl.org/rss/1.0/modules/content/"
	xmlns:wfw="http://wellformedweb.org/CommentAPI/"
	xmlns:dc="http://purl.org/dc/elements/1.1/"
	xmlns:atom="http://www.w3.org/2005/Atom"
	xmlns:sy="http://purl.org/rss/1.0/modules/syndication/"
	xmlns:slash="http://purl.org/rss/1.0/modules/slash/"
	 xmlns:media="http://search.yahoo.com/mrss/" >

<channel>
	<title>Upstox &#8211; DematOpen</title>
	<atom:link href="/tag/upstox/feed/" rel="self" type="application/rss+xml" />
	<link></link>
	<description>Trading With Top Stock Brokers in India</description>
	<lastBuildDate>Mon, 05 Aug 2024 17:21:05 +0000</lastBuildDate>
	<language>en-US</language>
	<sy:updatePeriod>
	hourly	</sy:updatePeriod>
	<sy:updateFrequency>
	1	</sy:updateFrequency>
	<generator>https://wordpress.org/?v=6.6.1</generator>

<image>
	<url>/wp-content/uploads/2023/05/cropped-DematOpen-Logo-e1683015043100-32x32.webp</url>
	<title>Upstox &#8211; DematOpen</title>
	<link></link>
	<width>32</width>
	<height>32</height>
</image> 
	<item>
		<title>Upstox Review 2024 Demat, Brokerage, Trading Platforms, Pros &#038; Cons, Stock Trading</title>
		<link>/upstox-review-2024-demat-account-brokerage-charges/</link>
		
		<dc:creator><![CDATA[Ankit kumar]]></dc:creator>
		<pubDate>Wed, 03 Jan 2024 12:21:34 +0000</pubDate>
				<category><![CDATA[Demat Account]]></category>
		<category><![CDATA[Reviews]]></category>
		<category><![CDATA[Upstox]]></category>
		<guid isPermaLink="false">/?p=13073</guid>

					<description><![CDATA[<p>Upstox, previously RKSV Securities, has strong backing from companies like Ratan Tata and Tiger Global Management, as well as GVK ... </p>
<p class="read-more-container"><a title="Upstox Review 2024 Demat, Brokerage, Trading Platforms, Pros &#038; Cons, Stock Trading" class="read-more button" href="/upstox-review-2024-demat-account-brokerage-charges/#more-13073" aria-label="More on Upstox Review 2024 Demat, Brokerage, Trading Platforms, Pros &#038; Cons, Stock Trading">Read more</a></p>
<p>The post <a rel="nofollow" href="/upstox-review-2024-demat-account-brokerage-charges/">Upstox Review 2024 Demat, Brokerage, Trading Platforms, Pros &#038; Cons, Stock Trading</a> appeared first on <a rel="nofollow" href="">DematOpen</a>.</p>
]]></description>
		
		
		
		<media:content url="https://www.youtube.com/embed/cjxoHpI38Lw" medium="video" width="1280" height="720">
			<media:player url="https://www.youtube.com/embed/cjxoHpI38Lw" />
			<media:title type="plain">Upstox - #InvestRightInvestNow | Invest In India’s growth story with top Index Funds!</media:title>
			<media:description type="html"><![CDATA[Whether you’re supporting Gujarat, Chennai, Mumbai, Rajasthan, Bangalore, Lucknow, Delhi, Punjab, Kolkata or Hyderabad, this IPL season Upstox is supporting ...]]></media:description>
			<media:thumbnail url="/wp-content/uploads/2023/03/Brokerage-Chargs-Demat-Account-Trading-more-e1668011131620.webp" />
			<media:rating scheme="urn:simple">nonadult</media:rating>
		</media:content>
	</item>
		<item>
		<title>Everything You Need to Know About GTT Order in Upstox</title>
		<link>/what-is-gtt-order-in-upstox-how-to-place-gtt-order/</link>
		
		<dc:creator><![CDATA[Ankit kumar]]></dc:creator>
		<pubDate>Sun, 23 Apr 2023 20:03:53 +0000</pubDate>
				<category><![CDATA[Stock Brokers]]></category>
		<category><![CDATA[Gtt Order]]></category>
		<category><![CDATA[Upstox]]></category>
		<guid isPermaLink="false">/?p=13852</guid>

					<description><![CDATA[<p>If you&#8217;re new to Upstox, you might have heard about GTT orders 📈 and wondering what they are and how ... </p>
<p class="read-more-container"><a title="Everything You Need to Know About GTT Order in Upstox" class="read-more button" href="/what-is-gtt-order-in-upstox-how-to-place-gtt-order/#more-13852" aria-label="More on Everything You Need to Know About GTT Order in Upstox">Read more</a></p>
<p>The post <a rel="nofollow" href="/what-is-gtt-order-in-upstox-how-to-place-gtt-order/">Everything You Need to Know About GTT Order in Upstox</a> appeared first on <a rel="nofollow" href="">DematOpen</a>.</p>
]]></description>
		
		
		
			</item>
		<item>
		<title>क्या है Demat Account ? क्यों, कब , कैसे, खुलवाए Demat Account ?</title>
		<link>/what-is-demat-account-hindi-learn/</link>
		
		<dc:creator><![CDATA[Ankit kumar]]></dc:creator>
		<pubDate>Thu, 13 Apr 2023 07:44:55 +0000</pubDate>
				<category><![CDATA[Demat Account]]></category>
		<category><![CDATA[Upstox]]></category>
		<guid isPermaLink="false">/?p=13529</guid>

					<description><![CDATA[<p>जब भी Stock Market का जिक्र होता है तब एक नाम ऐसा है जो अकसर सुनने में आता है &#8220;Demat ... </p>
<p class="read-more-container"><a title="क्या है Demat Account ? क्यों, कब , कैसे, खुलवाए Demat Account ?" class="read-more button" href="/what-is-demat-account-hindi-learn/#more-13529" aria-label="More on क्या है Demat Account ? क्यों, कब , कैसे, खुलवाए Demat Account ?">Read more</a></p>
<p>The post <a rel="nofollow" href="/what-is-demat-account-hindi-learn/">क्या है Demat Account ? क्यों, कब , कैसे, खुलवाए Demat Account ?</a> appeared first on <a rel="nofollow" href="">DematOpen</a>.</p>
]]></description>
		
		
		
			</item>
		<item>
		<title>🚀 How to Get TradingView Premium for Free with Upstox 2023💸</title>
		<link>/how-to-get-tradingview-premium-for-free/</link>
					<comments>/how-to-get-tradingview-premium-for-free/#respond</comments>
		
		<dc:creator><![CDATA[Ankit kumar]]></dc:creator>
		<pubDate>Tue, 21 Mar 2023 03:20:05 +0000</pubDate>
				<category><![CDATA[Demat Account]]></category>
		<category><![CDATA[Upstox]]></category>
		<category><![CDATA[Stock Broker Reviews]]></category>
		<category><![CDATA[TradingView]]></category>
		<guid isPermaLink="false">/?p=13111</guid>

					<description><![CDATA[<p>Are you interested in 🤑 How to Get TradingView Premium for Free 🤑? If Yes, you have come to the ... </p>
<p class="read-more-container"><a title="🚀 How to Get TradingView Premium for Free with Upstox 2023💸" class="read-more button" href="/how-to-get-tradingview-premium-for-free/#more-13111" aria-label="More on 🚀 How to Get TradingView Premium for Free with Upstox 2023💸">Read more</a></p>
<p>The post <a rel="nofollow" href="/how-to-get-tradingview-premium-for-free/">🚀 How to Get TradingView Premium for Free with Upstox 2023💸</a> appeared first on <a rel="nofollow" href="">DematOpen</a>.</p>
]]></description>
		
					<wfw:commentRss>/how-to-get-tradingview-premium-for-free/feed/</wfw:commentRss>
			<slash:comments>0</slash:comments>
		
		
			</item>
		<item>
		<title>🥇Top 5 Reasons to Choose Upstox for Opening Demat and Trading Account in 2023 🤑</title>
		<link>/top-reasons-to-choose-upstox-for-opening-demat-and-trading-account/</link>
					<comments>/top-reasons-to-choose-upstox-for-opening-demat-and-trading-account/#respond</comments>
		
		<dc:creator><![CDATA[Ankit kumar]]></dc:creator>
		<pubDate>Thu, 16 Mar 2023 18:19:06 +0000</pubDate>
				<category><![CDATA[Uncategorized]]></category>
		<category><![CDATA[Stock Broker Reviews]]></category>
		<category><![CDATA[Upstox]]></category>
		<guid isPermaLink="false">/?p=456</guid>

					<description><![CDATA[<p>Upstox is and online discount broker company headquartered in Mumbai. It’s backed by “Ratan N Tata” and “Kalaari Capital”. Currently ... </p>
<p class="read-more-container"><a title="🥇Top 5 Reasons to Choose Upstox for Opening Demat and Trading Account in 2023 🤑" class="read-more button" href="/top-reasons-to-choose-upstox-for-opening-demat-and-trading-account/#more-456" aria-label="More on 🥇Top 5 Reasons to Choose Upstox for Opening Demat and Trading Account in 2023 🤑">Read more</a></p>
<p>The post <a rel="nofollow" href="/top-reasons-to-choose-upstox-for-opening-demat-and-trading-account/">🥇Top 5 Reasons to Choose Upstox for Opening Demat and Trading Account in 2023 🤑</a> appeared first on <a rel="nofollow" href="">DematOpen</a>.</p>
]]></description>
		
					<wfw:commentRss>/top-reasons-to-choose-upstox-for-opening-demat-and-trading-account/feed/</wfw:commentRss>
			<slash:comments>0</slash:comments>
		
		
			</item>
		<item>
		<title>How to Buy Shares on Upstox mobile app</title>
		<link>/how-to-buy-shares-on-upstox-mobile-app/</link>
					<comments>/how-to-buy-shares-on-upstox-mobile-app/#respond</comments>
		
		<dc:creator><![CDATA[Ankit kumar]]></dc:creator>
		<pubDate>Thu, 16 Mar 2023 17:54:18 +0000</pubDate>
				<category><![CDATA[Uncategorized]]></category>
		<category><![CDATA[How to buy shares]]></category>
		<category><![CDATA[Upstox]]></category>
		<guid isPermaLink="false">/?p=473</guid>

					<description><![CDATA[<p>Buying equity shares in upstox for the investment purpose is a very simple process. To buy shares you must have ... </p>
<p class="read-more-container"><a title="How to Buy Shares on Upstox mobile app" class="read-more button" href="/how-to-buy-shares-on-upstox-mobile-app/#more-473" aria-label="More on How to Buy Shares on Upstox mobile app">Read more</a></p>
<p>The post <a rel="nofollow" href="/how-to-buy-shares-on-upstox-mobile-app/">How to Buy Shares on Upstox mobile app</a> appeared first on <a rel="nofollow" href="">DematOpen</a>.</p>
]]></description>
		
					<wfw:commentRss>/how-to-buy-shares-on-upstox-mobile-app/feed/</wfw:commentRss>
			<slash:comments>0</slash:comments>
		
		
			</item>
		<item>
		<title>Upstox Account Opening Process Explained Step by Step.</title>
		<link>/upstox-account-opening-process-explained-step-by-step/</link>
					<comments>/upstox-account-opening-process-explained-step-by-step/#respond</comments>
		
		<dc:creator><![CDATA[Ankit kumar]]></dc:creator>
		<pubDate>Thu, 16 Mar 2023 17:50:06 +0000</pubDate>
				<category><![CDATA[Uncategorized]]></category>
		<category><![CDATA[Upstox]]></category>
		<category><![CDATA[Upstox account opening]]></category>
		<category><![CDATA[Upstox Signup]]></category>
		<guid isPermaLink="false">/?p=726</guid>

					<description><![CDATA[<p>Upstox account Opening (Demat and Trading account) is a completely paperless online process. Upstox initially known as RKSV securities started ... </p>
<p class="read-more-container"><a title="Upstox Account Opening Process Explained Step by Step." class="read-more button" href="/upstox-account-opening-process-explained-step-by-step/#more-726" aria-label="More on Upstox Account Opening Process Explained Step by Step.">Read more</a></p>
<p>The post <a rel="nofollow" href="/upstox-account-opening-process-explained-step-by-step/">Upstox Account Opening Process Explained Step by Step.</a> appeared first on <a rel="nofollow" href="">DematOpen</a>.</p>
]]></description>
		
					<wfw:commentRss>/upstox-account-opening-process-explained-step-by-step/feed/</wfw:commentRss>
			<slash:comments>0</slash:comments>
		
		
			</item>
	</channel>
</rss>
