<?xml version="1.0" encoding="UTF-8"?><rss version="2.0"
	xmlns:content="http://purl.org/rss/1.0/modules/content/"
	xmlns:dc="http://purl.org/dc/elements/1.1/"
	xmlns:atom="http://www.w3.org/2005/Atom"
	xmlns:sy="http://purl.org/rss/1.0/modules/syndication/"
	 xmlns:media="http://search.yahoo.com/mrss/" 
	>
<channel>
	<title>
	Comments on: 💰📈 Try Upstox x TradingView and Get TradingView Pro Features Worth ₹12,000 for Free 🔥💸	</title>
	<atom:link href="/get-tradingview-pro-features/feed/" rel="self" type="application/rss+xml" />
	<link>/get-tradingview-pro-features/</link>
	<description>Trading With Top Stock Brokers in India</description>
	<lastBuildDate>Fri, 02 Feb 2024 16:58:38 +0000</lastBuildDate>
	<sy:updatePeriod>
	hourly	</sy:updatePeriod>
	<sy:updateFrequency>
	1	</sy:updateFrequency>
	<generator>https://wordpress.org/?v=6.6.1</generator>
</channel>
</rss>
