<?xml version="1.0" encoding="UTF-8"?><rss version="2.0"
	xmlns:content="http://purl.org/rss/1.0/modules/content/"
	xmlns:wfw="http://wellformedweb.org/CommentAPI/"
	xmlns:dc="http://purl.org/dc/elements/1.1/"
	xmlns:atom="http://www.w3.org/2005/Atom"
	xmlns:sy="http://purl.org/rss/1.0/modules/syndication/"
	xmlns:slash="http://purl.org/rss/1.0/modules/slash/"
	 xmlns:media="http://search.yahoo.com/mrss/" >

<channel>
	<title>DematOpen</title>
	<atom:link href="/feed/" rel="self" type="application/rss+xml" />
	<link></link>
	<description>Trading With Top Stock Brokers in India</description>
	<lastBuildDate>Wed, 03 Jul 2024 19:13:44 +0000</lastBuildDate>
	<language>en-US</language>
	<sy:updatePeriod>
	hourly	</sy:updatePeriod>
	<sy:updateFrequency>
	1	</sy:updateFrequency>
	<generator>https://wordpress.org/?v=6.6.1</generator>

<image>
	<url>/wp-content/uploads/2023/05/cropped-DematOpen-Logo-e1683015043100-32x32.webp</url>
	<title>DematOpen</title>
	<link></link>
	<width>32</width>
	<height>32</height>
</image> 
	<item>
		<title>Angel App Download</title>
		<link>/demat-app-lp2/</link>
		
		<dc:creator><![CDATA[Ankit kumar]]></dc:creator>
		<pubDate>Fri, 02 Feb 2024 13:34:28 +0000</pubDate>
				<category><![CDATA[Uncategorized]]></category>
		<guid isPermaLink="false">/?p=14679</guid>

					<description><![CDATA[<p>Join 1.75 Cr+ Thriving Investors Trusting Angel One! Open a free Demat account with Angel One today and Enjoy Zero ... </p>
<p class="read-more-container"><a title="Angel App Download" class="read-more button" href="/demat-app-lp2/#more-14679" aria-label="More on Angel App Download">Read more</a></p>
<p>The post <a rel="nofollow" href="/demat-app-lp2/">Angel App Download</a> appeared first on <a rel="nofollow" href="">DematOpen</a>.</p>
]]></description>
		
		
		
		<media:content url="/wp-content/uploads/2024/02/Discover-a-new-era-of-investing-with-the-Angel-One-Super-App-SuperIsHere.mp4" medium="video" width="1280" height="720">
			<media:player url="/wp-content/uploads/2024/02/Discover-a-new-era-of-investing-with-the-Angel-One-Super-App-SuperIsHere.mp4" />
			<media:title type="plain">Angel App Download</media:title>
			<media:description type="html"><![CDATA[Open a free Demat account with Angel One today and Enjoy Zero Brokerage on Stock Investing! Seamless onboarding, paperless KYC, and a safe, easy start to your stock market journey.]]></media:description>
			<media:rating scheme="urn:simple">nonadult</media:rating>
		</media:content>
	</item>
		<item>
		<title>Fyers Review 2024 Demat, Brokerage Charges, Trading Platforms, Pros &#038; Cons</title>
		<link>/fyers-review-analysis-of-demat-account-brokerage/</link>
		
		<dc:creator><![CDATA[Ankit kumar]]></dc:creator>
		<pubDate>Wed, 03 Jan 2024 12:28:39 +0000</pubDate>
				<category><![CDATA[Demat Account]]></category>
		<category><![CDATA[Reviews]]></category>
		<category><![CDATA[Stock Brokers]]></category>
		<category><![CDATA[Fyers]]></category>
		<guid isPermaLink="false">/?p=13713</guid>

					<description><![CDATA[<p>Hey There! Are you looking for a Reliable stockbroker to invest in the Indian stock market? 🤔 Fyers might be ... </p>
<p class="read-more-container"><a title="Fyers Review 2024 Demat, Brokerage Charges, Trading Platforms, Pros &#038; Cons" class="read-more button" href="/fyers-review-analysis-of-demat-account-brokerage/#more-13713" aria-label="More on Fyers Review 2024 Demat, Brokerage Charges, Trading Platforms, Pros &#038; Cons">Read more</a></p>
<p>The post <a rel="nofollow" href="/fyers-review-analysis-of-demat-account-brokerage/">Fyers Review 2024 Demat, Brokerage Charges, Trading Platforms, Pros &#038; Cons</a> appeared first on <a rel="nofollow" href="">DematOpen</a>.</p>
]]></description>
		
		
		
		<media:content url="https://www.youtube.com/embed/2dBdVHqr5qc" medium="video" width="1280" height="720">
			<media:player url="https://www.youtube.com/embed/2dBdVHqr5qc" />
			<media:title type="plain">Steps to Open your Account with FYERS 🔔</media:title>
			<media:description type="html"><![CDATA[FYERS is a leading and fast-growing technology-focused stockbroking firm and investment platform. With a strong community of traders, investors, quantitative...]]></media:description>
			<media:thumbnail url="/wp-content/uploads/2023/04/Fyers-review.webp" />
			<media:rating scheme="urn:simple">nonadult</media:rating>
		</media:content>
	</item>
		<item>
		<title>Zerodha Review 2024 Demat, Brokerage Charges, Pros &#038; Cons, Trading Platforms</title>
		<link>/zerodha-review-2024-demat-account-brokerage-charges/</link>
		
		<dc:creator><![CDATA[Ankit kumar]]></dc:creator>
		<pubDate>Wed, 03 Jan 2024 12:25:07 +0000</pubDate>
				<category><![CDATA[Demat Account]]></category>
		<category><![CDATA[Reviews]]></category>
		<category><![CDATA[Stock Brokers]]></category>
		<category><![CDATA[Stock Broker Reviews]]></category>
		<category><![CDATA[Zerodha]]></category>
		<category><![CDATA[zerodha review]]></category>
		<guid isPermaLink="false">/?p=13094</guid>

					<description><![CDATA[<p>In India Zerodha has 1 Crore+ active customers, making it the largest retail stock broker in India. 🔍💡💡 Founded in ... </p>
<p class="read-more-container"><a title="Zerodha Review 2024 Demat, Brokerage Charges, Pros &#038; Cons, Trading Platforms" class="read-more button" href="/zerodha-review-2024-demat-account-brokerage-charges/#more-13094" aria-label="More on Zerodha Review 2024 Demat, Brokerage Charges, Pros &#038; Cons, Trading Platforms">Read more</a></p>
<p>The post <a rel="nofollow" href="/zerodha-review-2024-demat-account-brokerage-charges/">Zerodha Review 2024 Demat, Brokerage Charges, Pros &#038; Cons, Trading Platforms</a> appeared first on <a rel="nofollow" href="">DematOpen</a>.</p>
]]></description>
		
		
		
		<media:content url="https://www.youtube.com/embed/iYDw_9SinE4" medium="video" width="1280" height="720">
			<media:player url="https://www.youtube.com/embed/iYDw_9SinE4" />
			<media:title type="plain">How to open your Zerodha account online</media:title>
			<media:description type="html"><![CDATA[In this video, we show you how you can open your Zerodha account online in just a few minutes. To open your account, head over to: https://signup.zerodha.com...]]>/</media:description>
			<media:thumbnail url="/wp-content/uploads/2023/03/Stock-Broker-e1668344644777.png" />
			<media:rating scheme="urn:simple">nonadult</media:rating>
		</media:content>
	</item>
		<item>
		<title>Angel One Review 2024 Demat, Brokerage, Trading Platforms, Pros &#038; Cons, Stock Trading</title>
		<link>/angel-one-review-2024-brokerage-charges/</link>
		
		<dc:creator><![CDATA[Ankit kumar]]></dc:creator>
		<pubDate>Wed, 03 Jan 2024 12:23:31 +0000</pubDate>
				<category><![CDATA[Demat Account]]></category>
		<category><![CDATA[Reviews]]></category>
		<category><![CDATA[Stock Brokers]]></category>
		<category><![CDATA[Stock Broker Reviews]]></category>
		<guid isPermaLink="false">/?p=13085</guid>

					<description><![CDATA[<p>Angel Broking (Now Angel One) was founded by Mr. Dinesh Thakkar in 1987. In India It&#8217;s a major online discount ... </p>
<p class="read-more-container"><a title="Angel One Review 2024 Demat, Brokerage, Trading Platforms, Pros &#038; Cons, Stock Trading" class="read-more button" href="/angel-one-review-2024-brokerage-charges/#more-13085" aria-label="More on Angel One Review 2024 Demat, Brokerage, Trading Platforms, Pros &#038; Cons, Stock Trading">Read more</a></p>
<p>The post <a rel="nofollow" href="/angel-one-review-2024-brokerage-charges/">Angel One Review 2024 Demat, Brokerage, Trading Platforms, Pros &#038; Cons, Stock Trading</a> appeared first on <a rel="nofollow" href="">DematOpen</a>.</p>
]]></description>
		
		
		
		<media:content url="https://www.youtube.com/embed/pYhr0n6XHy4" medium="video" width="640" height="360">
			<media:player url="https://www.youtube.com/embed/pYhr0n6XHy4" />
			<media:title type="plain">Angel One Quick Account Opening Ke Saath Bano #VerySmartOne  | Quick Account Opening | Angel One</media:title>
			<media:description type="html"><![CDATA[Zindagi ki raftaar ko karo match, Smart nahi #VerySmartOne bano!Make your smart move now: https://bit.ly/3HBobyKExperience Our App: https://bit.ly/3HSS0ej***...]]></media:description>
			<media:thumbnail url="/wp-content/uploads/2023/03/Dematopen-angelone.png" />
			<media:rating scheme="urn:simple">nonadult</media:rating>
		</media:content>
	</item>
		<item>
		<title>Upstox Review 2024 Demat, Brokerage, Trading Platforms, Pros &#038; Cons, Stock Trading</title>
		<link>/upstox-review-2024-demat-account-brokerage-charges/</link>
		
		<dc:creator><![CDATA[Ankit kumar]]></dc:creator>
		<pubDate>Wed, 03 Jan 2024 12:21:34 +0000</pubDate>
				<category><![CDATA[Demat Account]]></category>
		<category><![CDATA[Reviews]]></category>
		<category><![CDATA[Upstox]]></category>
		<guid isPermaLink="false">/?p=13073</guid>

					<description><![CDATA[<p>Upstox, previously RKSV Securities, has strong backing from companies like Ratan Tata and Tiger Global Management, as well as GVK ... </p>
<p class="read-more-container"><a title="Upstox Review 2024 Demat, Brokerage, Trading Platforms, Pros &#038; Cons, Stock Trading" class="read-more button" href="/upstox-review-2024-demat-account-brokerage-charges/#more-13073" aria-label="More on Upstox Review 2024 Demat, Brokerage, Trading Platforms, Pros &#038; Cons, Stock Trading">Read more</a></p>
<p>The post <a rel="nofollow" href="/upstox-review-2024-demat-account-brokerage-charges/">Upstox Review 2024 Demat, Brokerage, Trading Platforms, Pros &#038; Cons, Stock Trading</a> appeared first on <a rel="nofollow" href="">DematOpen</a>.</p>
]]></description>
		
		
		
		<media:content url="https://www.youtube.com/embed/cjxoHpI38Lw" medium="video" width="1280" height="720">
			<media:player url="https://www.youtube.com/embed/cjxoHpI38Lw" />
			<media:title type="plain">Upstox - #InvestRightInvestNow | Invest In India’s growth story with top Index Funds!</media:title>
			<media:description type="html"><![CDATA[Whether you’re supporting Gujarat, Chennai, Mumbai, Rajasthan, Bangalore, Lucknow, Delhi, Punjab, Kolkata or Hyderabad, this IPL season Upstox is supporting ...]]></media:description>
			<media:thumbnail url="/wp-content/uploads/2023/03/Brokerage-Chargs-Demat-Account-Trading-more-e1668011131620.webp" />
			<media:rating scheme="urn:simple">nonadult</media:rating>
		</media:content>
	</item>
		<item>
		<title>landing-page-about demat-lp24</title>
		<link>/landing-page-about-demat-lp24/</link>
		
		<dc:creator><![CDATA[Ankit kumar]]></dc:creator>
		<pubDate>Mon, 03 Jul 2023 19:07:00 +0000</pubDate>
				<category><![CDATA[Demat Account]]></category>
		<guid isPermaLink="false">/?p=14800</guid>

					<description><![CDATA[<p>India&#8217;s best Stock Broker To Start Investment Journey Open Free Demat Account Simplifying Investments For You &#160;1 Crore + Happy ... </p>
<p class="read-more-container"><a title="landing-page-about demat-lp24" class="read-more button" href="/landing-page-about-demat-lp24/#more-14800" aria-label="More on landing-page-about demat-lp24">Read more</a></p>
<p>The post <a rel="nofollow" href="/landing-page-about-demat-lp24/">landing-page-about demat-lp24</a> appeared first on <a rel="nofollow" href="">DematOpen</a>.</p>
]]></description>
		
		
		
		<media:content url="/wp-content/uploads/2024/07/Playstore-Video-v15-1.mp4" medium="video" width="1280" height="720">
			<media:player url="/wp-content/uploads/2024/07/Playstore-Video-v15-1.mp4" />
			<media:title type="plain">landing-page-about demat-lp24</media:title>
			<media:description type="html"><![CDATA[&nbsp;1 Crore + Happy customers | Invest and Trade in Stocks, F&amp;O, Mutual Funds and more!]]></media:description>
			<media:rating scheme="urn:simple">nonadult</media:rating>
		</media:content>
	</item>
		<item>
		<title>Open Demat Account</title>
		<link>/landing-page-05/</link>
		
		<dc:creator><![CDATA[Ankit kumar]]></dc:creator>
		<pubDate>Mon, 12 Jun 2023 19:44:56 +0000</pubDate>
				<category><![CDATA[Uncategorized]]></category>
		<guid isPermaLink="false">/?p=14463</guid>

					<description><![CDATA[<p>India&#8217;s best Stock Broker To Start Investment Journey Open Free Demat Account Simplifying Investments For You &#160;1 Crore + Happy ... </p>
<p class="read-more-container"><a title="Open Demat Account" class="read-more button" href="/landing-page-05/#more-14463" aria-label="More on Open Demat Account">Read more</a></p>
<p>The post <a rel="nofollow" href="/landing-page-05/">Open Demat Account</a> appeared first on <a rel="nofollow" href="">DematOpen</a>.</p>
]]></description>
		
		
		
		<media:content url="/wp-content/uploads/2024/07/Playstore-Video-v15-1.mp4" medium="video" width="1280" height="720">
			<media:player url="/wp-content/uploads/2024/07/Playstore-Video-v15-1.mp4" />
			<media:title type="plain">Open Demat Account</media:title>
			<media:description type="html"><![CDATA[&nbsp;1 Crore + Happy customers | Invest and Trade in Stocks, F&amp;O, Mutual Funds and more!]]></media:description>
			<media:rating scheme="urn:simple">nonadult</media:rating>
		</media:content>
	</item>
		<item>
		<title>Paytm Money App Review 2024 Demat, Brokerage, Trading Platforms, Pros &#038; Cons, Stock Trading</title>
		<link>/paytm-money-review-demat-brokerage-trading-pros-cons/</link>
		
		<dc:creator><![CDATA[Ankit kumar]]></dc:creator>
		<pubDate>Tue, 25 Apr 2023 11:50:36 +0000</pubDate>
				<category><![CDATA[Demat Account]]></category>
		<category><![CDATA[Reviews]]></category>
		<category><![CDATA[Stock Brokers]]></category>
		<category><![CDATA[Paytm Money]]></category>
		<guid isPermaLink="false">/?p=13929</guid>

					<description><![CDATA[<p>Paytm Money is an 🌐 online stock and mutual fund broker owned by One 97 Communications Ltd. 💼 It was ... </p>
<p class="read-more-container"><a title="Paytm Money App Review 2024 Demat, Brokerage, Trading Platforms, Pros &#038; Cons, Stock Trading" class="read-more button" href="/paytm-money-review-demat-brokerage-trading-pros-cons/#more-13929" aria-label="More on Paytm Money App Review 2024 Demat, Brokerage, Trading Platforms, Pros &#038; Cons, Stock Trading">Read more</a></p>
<p>The post <a rel="nofollow" href="/paytm-money-review-demat-brokerage-trading-pros-cons/">Paytm Money App Review 2024 Demat, Brokerage, Trading Platforms, Pros &#038; Cons, Stock Trading</a> appeared first on <a rel="nofollow" href="">DematOpen</a>.</p>
]]></description>
		
		
		
		<media:content url="https://www.youtube.com/embed/6TuVIMUECug" medium="video" width="1280" height="720">
			<media:player url="https://www.youtube.com/embed/6TuVIMUECug" />
			<media:title type="plain">Swift. Seamless. Simplified - Paytm Money 2.0</media:title>
			<media:description type="html"><![CDATA[Experience an all new interface that will make your investment journey seamless on the Paytm Money app. Armed with stylish new looks, easily manoeuvrable but...]]></media:description>
			<media:thumbnail url="/wp-content/uploads/2023/04/Paytm-Money-Review-1.webp" />
			<media:rating scheme="urn:simple">nonadult</media:rating>
		</media:content>
	</item>
	</channel>
</rss>
