<?xml version="1.0" encoding="UTF-8"?><rss version="2.0"
	xmlns:content="http://purl.org/rss/1.0/modules/content/"
	xmlns:wfw="http://wellformedweb.org/CommentAPI/"
	xmlns:dc="http://purl.org/dc/elements/1.1/"
	xmlns:atom="http://www.w3.org/2005/Atom"
	xmlns:sy="http://purl.org/rss/1.0/modules/syndication/"
	xmlns:slash="http://purl.org/rss/1.0/modules/slash/"
	 xmlns:media="http://search.yahoo.com/mrss/" >

<channel>
	<title>Taxes &#8211; DematOpen</title>
	<atom:link href="/tag/taxes/feed/" rel="self" type="application/rss+xml" />
	<link></link>
	<description>Trading With Top Stock Brokers in India</description>
	<lastBuildDate>Mon, 24 Apr 2023 14:15:49 +0000</lastBuildDate>
	<language>en-US</language>
	<sy:updatePeriod>
	hourly	</sy:updatePeriod>
	<sy:updateFrequency>
	1	</sy:updateFrequency>
	<generator>https://wordpress.org/?v=6.6.1</generator>

<image>
	<url>/wp-content/uploads/2023/05/cropped-DematOpen-Logo-e1683015043100-32x32.webp</url>
	<title>Taxes &#8211; DematOpen</title>
	<link></link>
	<width>32</width>
	<height>32</height>
</image> 
	<item>
		<title>High Value Transactions Attracts Income Tax Department Notices</title>
		<link>/high-value-transactions-income-tax-department/</link>
		
		<dc:creator><![CDATA[Ankit kumar]]></dc:creator>
		<pubDate>Wed, 19 Apr 2023 11:28:31 +0000</pubDate>
				<category><![CDATA[Taxes]]></category>
		<category><![CDATA[Income Tax]]></category>
		<guid isPermaLink="false">/?p=13700</guid>

					<description><![CDATA[<p>The Income Tax Department is quite likely to issue a notice to any individual who often participates in cash transactions ... </p>
<p class="read-more-container"><a title="High Value Transactions Attracts Income Tax Department Notices" class="read-more button" href="/high-value-transactions-income-tax-department/#more-13700" aria-label="More on High Value Transactions Attracts Income Tax Department Notices">Read more</a></p>
<p>The post <a rel="nofollow" href="/high-value-transactions-income-tax-department/">High Value Transactions Attracts Income Tax Department Notices</a> appeared first on <a rel="nofollow" href="">DematOpen</a>.</p>
]]></description>
		
		
		
			</item>
		<item>
		<title>India&#8217;s New Income Tax Regime: What Taxpayers Need to Know</title>
		<link>/indias-new-income-tax-regime-2023/</link>
		
		<dc:creator><![CDATA[Ankit kumar]]></dc:creator>
		<pubDate>Wed, 19 Apr 2023 11:13:39 +0000</pubDate>
				<category><![CDATA[Taxes]]></category>
		<guid isPermaLink="false">/?p=13697</guid>

					<description><![CDATA[<p>New Income Tax Regime for Indian Taxpayers Beginning April 1, 2023. Following the major adjustments made by Finance Minister Nirmala ... </p>
<p class="read-more-container"><a title="India&#8217;s New Income Tax Regime: What Taxpayers Need to Know" class="read-more button" href="/indias-new-income-tax-regime-2023/#more-13697" aria-label="More on India&#8217;s New Income Tax Regime: What Taxpayers Need to Know">Read more</a></p>
<p>The post <a rel="nofollow" href="/indias-new-income-tax-regime-2023/">India&#8217;s New Income Tax Regime: What Taxpayers Need to Know</a> appeared first on <a rel="nofollow" href="">DematOpen</a>.</p>
]]></description>
		
		
		
			</item>
		<item>
		<title>Tax Rebate u s 87a : For FY 2022-23 and FY 2023 -2024</title>
		<link>/tax-rebate-us-87a-for-fy-2022-23-and-fy-2023-2024/</link>
		
		<dc:creator><![CDATA[Ankit kumar]]></dc:creator>
		<pubDate>Wed, 19 Apr 2023 10:45:00 +0000</pubDate>
				<category><![CDATA[Taxes]]></category>
		<category><![CDATA[Rebate]]></category>
		<guid isPermaLink="false">/?p=13691</guid>

					<description><![CDATA[<p>Are you aware of Rebate u s 87a on your income tax return? Introduced by the Government of India in ... </p>
<p class="read-more-container"><a title="Tax Rebate u s 87a : For FY 2022-23 and FY 2023 -2024" class="read-more button" href="/tax-rebate-us-87a-for-fy-2022-23-and-fy-2023-2024/#more-13691" aria-label="More on Tax Rebate u s 87a : For FY 2022-23 and FY 2023 -2024">Read more</a></p>
<p>The post <a rel="nofollow" href="/tax-rebate-us-87a-for-fy-2022-23-and-fy-2023-2024/">Tax Rebate u s 87a : For FY 2022-23 and FY 2023 -2024</a> appeared first on <a rel="nofollow" href="">DematOpen</a>.</p>
]]></description>
		
		
		
			</item>
	</channel>
</rss>
