<?xml version="1.0" encoding="UTF-8"?><rss version="2.0"
	xmlns:content="http://purl.org/rss/1.0/modules/content/"
	xmlns:wfw="http://wellformedweb.org/CommentAPI/"
	xmlns:dc="http://purl.org/dc/elements/1.1/"
	xmlns:atom="http://www.w3.org/2005/Atom"
	xmlns:sy="http://purl.org/rss/1.0/modules/syndication/"
	xmlns:slash="http://purl.org/rss/1.0/modules/slash/"
	 xmlns:media="http://search.yahoo.com/mrss/" >

<channel>
	<title>BO id &#8211; DematOpen</title>
	<atom:link href="/tag/bo-id/feed/" rel="self" type="application/rss+xml" />
	<link></link>
	<description>Trading With Top Stock Brokers in India</description>
	<lastBuildDate>Mon, 24 Apr 2023 08:58:21 +0000</lastBuildDate>
	<language>en-US</language>
	<sy:updatePeriod>
	hourly	</sy:updatePeriod>
	<sy:updateFrequency>
	1	</sy:updateFrequency>
	<generator>https://wordpress.org/?v=6.6.1</generator>

<image>
	<url>/wp-content/uploads/2023/05/cropped-DematOpen-Logo-e1683015043100-32x32.webp</url>
	<title>BO id &#8211; DematOpen</title>
	<link></link>
	<width>32</width>
	<height>32</height>
</image> 
	<item>
		<title>Understanding BO ID (Beneficiary Owner Identification Number) in Zerodha</title>
		<link>/understanding-bo-id-in-zerodha-unique-identification-number/</link>
		
		<dc:creator><![CDATA[Ankit kumar]]></dc:creator>
		<pubDate>Mon, 24 Apr 2023 08:20:47 +0000</pubDate>
				<category><![CDATA[Stock Brokers]]></category>
		<category><![CDATA[BO id]]></category>
		<category><![CDATA[Zerodha]]></category>
		<guid isPermaLink="false">/?p=13880</guid>

					<description><![CDATA[<p>A BO ID or Beneficiary Owner Identification Number is a unique 8 Digits Number assigned to an investor’s demat account ... </p>
<p class="read-more-container"><a title="Understanding BO ID (Beneficiary Owner Identification Number) in Zerodha" class="read-more button" href="/understanding-bo-id-in-zerodha-unique-identification-number/#more-13880" aria-label="More on Understanding BO ID (Beneficiary Owner Identification Number) in Zerodha">Read more</a></p>
<p>The post <a rel="nofollow" href="/understanding-bo-id-in-zerodha-unique-identification-number/">Understanding BO ID (Beneficiary Owner Identification Number) in Zerodha</a> appeared first on <a rel="nofollow" href="">DematOpen</a>.</p>
]]></description>
		
		
		
			</item>
		<item>
		<title>What is BO id in Groww ?</title>
		<link>/what-is-bo-id-in-groww/</link>
		
		<dc:creator><![CDATA[Ankit kumar]]></dc:creator>
		<pubDate>Sun, 23 Apr 2023 21:18:31 +0000</pubDate>
				<category><![CDATA[Stock Brokers]]></category>
		<category><![CDATA[BO id]]></category>
		<category><![CDATA[Groww]]></category>
		<guid isPermaLink="false">/?p=13875</guid>

					<description><![CDATA[<p>If you&#8217;re new to investing, you may have come across the term &#8220;BO ID&#8221; while using the Groww App. 🌱BO ... </p>
<p class="read-more-container"><a title="What is BO id in Groww ?" class="read-more button" href="/what-is-bo-id-in-groww/#more-13875" aria-label="More on What is BO id in Groww ?">Read more</a></p>
<p>The post <a rel="nofollow" href="/what-is-bo-id-in-groww/">What is BO id in Groww ?</a> appeared first on <a rel="nofollow" href="">DematOpen</a>.</p>
]]></description>
		
		
		
			</item>
	</channel>
</rss>
