<?xml version="1.0" encoding="UTF-8"?><rss version="2.0"
	xmlns:content="http://purl.org/rss/1.0/modules/content/"
	xmlns:wfw="http://wellformedweb.org/CommentAPI/"
	xmlns:dc="http://purl.org/dc/elements/1.1/"
	xmlns:atom="http://www.w3.org/2005/Atom"
	xmlns:sy="http://purl.org/rss/1.0/modules/syndication/"
	xmlns:slash="http://purl.org/rss/1.0/modules/slash/"
	 xmlns:media="http://search.yahoo.com/mrss/" >

<channel>
	<title>How to buy shares &#8211; DematOpen</title>
	<atom:link href="/tag/how-to-buy-shares/feed/" rel="self" type="application/rss+xml" />
	<link></link>
	<description>Trading With Top Stock Brokers in India</description>
	<lastBuildDate>Mon, 24 Apr 2023 14:15:37 +0000</lastBuildDate>
	<language>en-US</language>
	<sy:updatePeriod>
	hourly	</sy:updatePeriod>
	<sy:updateFrequency>
	1	</sy:updateFrequency>
	<generator>https://wordpress.org/?v=6.6.1</generator>

<image>
	<url>/wp-content/uploads/2023/05/cropped-DematOpen-Logo-e1683015043100-32x32.webp</url>
	<title>How to buy shares &#8211; DematOpen</title>
	<link></link>
	<width>32</width>
	<height>32</height>
</image> 
	<item>
		<title>How to Buy Shares on Upstox mobile app</title>
		<link>/how-to-buy-shares-on-upstox-mobile-app/</link>
					<comments>/how-to-buy-shares-on-upstox-mobile-app/#respond</comments>
		
		<dc:creator><![CDATA[Ankit kumar]]></dc:creator>
		<pubDate>Thu, 16 Mar 2023 17:54:18 +0000</pubDate>
				<category><![CDATA[Uncategorized]]></category>
		<category><![CDATA[How to buy shares]]></category>
		<category><![CDATA[Upstox]]></category>
		<guid isPermaLink="false">/?p=473</guid>

					<description><![CDATA[<p>Buying equity shares in upstox for the investment purpose is a very simple process. To buy shares you must have ... </p>
<p class="read-more-container"><a title="How to Buy Shares on Upstox mobile app" class="read-more button" href="/how-to-buy-shares-on-upstox-mobile-app/#more-473" aria-label="More on How to Buy Shares on Upstox mobile app">Read more</a></p>
<p>The post <a rel="nofollow" href="/how-to-buy-shares-on-upstox-mobile-app/">How to Buy Shares on Upstox mobile app</a> appeared first on <a rel="nofollow" href="">DematOpen</a>.</p>
]]></description>
		
					<wfw:commentRss>/how-to-buy-shares-on-upstox-mobile-app/feed/</wfw:commentRss>
			<slash:comments>0</slash:comments>
		
		
			</item>
	</channel>
</rss>
