<?xml version="1.0" encoding="UTF-8"?><rss version="2.0"
	xmlns:content="http://purl.org/rss/1.0/modules/content/"
	xmlns:wfw="http://wellformedweb.org/CommentAPI/"
	xmlns:dc="http://purl.org/dc/elements/1.1/"
	xmlns:atom="http://www.w3.org/2005/Atom"
	xmlns:sy="http://purl.org/rss/1.0/modules/syndication/"
	xmlns:slash="http://purl.org/rss/1.0/modules/slash/"
	 xmlns:media="http://search.yahoo.com/mrss/" >

<channel>
	<title>Income Tax &#8211; DematOpen</title>
	<atom:link href="/tag/income-tax/feed/" rel="self" type="application/rss+xml" />
	<link></link>
	<description>Trading With Top Stock Brokers in India</description>
	<lastBuildDate>Mon, 24 Apr 2023 14:15:24 +0000</lastBuildDate>
	<language>en-US</language>
	<sy:updatePeriod>
	hourly	</sy:updatePeriod>
	<sy:updateFrequency>
	1	</sy:updateFrequency>
	<generator>https://wordpress.org/?v=6.6.1</generator>

<image>
	<url>/wp-content/uploads/2023/05/cropped-DematOpen-Logo-e1683015043100-32x32.webp</url>
	<title>Income Tax &#8211; DematOpen</title>
	<link></link>
	<width>32</width>
	<height>32</height>
</image> 
	<item>
		<title>High Value Transactions Attracts Income Tax Department Notices</title>
		<link>/high-value-transactions-income-tax-department/</link>
		
		<dc:creator><![CDATA[Ankit kumar]]></dc:creator>
		<pubDate>Wed, 19 Apr 2023 11:28:31 +0000</pubDate>
				<category><![CDATA[Taxes]]></category>
		<category><![CDATA[Income Tax]]></category>
		<guid isPermaLink="false">/?p=13700</guid>

					<description><![CDATA[<p>The Income Tax Department is quite likely to issue a notice to any individual who often participates in cash transactions ... </p>
<p class="read-more-container"><a title="High Value Transactions Attracts Income Tax Department Notices" class="read-more button" href="/high-value-transactions-income-tax-department/#more-13700" aria-label="More on High Value Transactions Attracts Income Tax Department Notices">Read more</a></p>
<p>The post <a rel="nofollow" href="/high-value-transactions-income-tax-department/">High Value Transactions Attracts Income Tax Department Notices</a> appeared first on <a rel="nofollow" href="">DematOpen</a>.</p>
]]></description>
		
		
		
			</item>
	</channel>
</rss>
